transactionDate,skuId,demandQuantity,isWeekend,isHolidaySeason
2026-01-01,arabicaBeans,67,False,True
2026-01-01,freshMilk,110,False,True
2026-01-01,oatMilk,34,False,True
2026-01-01,hazelnutSyrup,34,False,True
2026-01-01,vanillaSyrup,26,False,True
2026-01-01,chocolateSauce,28,False,True
2026-01-01,matchaPowder,18,False,True
2026-01-01,cupMedium,83,False,True
2026-01-02,arabicaBeans,51,False,False
2026-01-02,freshMilk,56,False,False
2026-01-02,oatMilk,33,False,False
2026-01-02,hazelnutSyrup,19,False,False
2026-01-02,vanillaSyrup,21,False,False
2026-01-02,chocolateSauce,24,False,False
2026-01-02,matchaPowder,17,False,False
2026-01-02,cupMedium,101,False,False
2026-01-03,arabicaBeans,58,True,False
2026-01-03,freshMilk,83,True,False
2026-01-03,oatMilk,28,True,False
2026-01-03,hazelnutSyrup,25,True,False
2026-01-03,vanillaSyrup,29,True,False
2026-01-03,chocolateSauce,31,True,False
2026-01-03,matchaPowder,18,True,False
2026-01-03,cupMedium,116,True,False
2026-01-04,arabicaBeans,50,True,False
2026-01-04,freshMilk,82,True,False
2026-01-04,oatMilk,34,True,False
2026-01-04,hazelnutSyrup,31,True,False
2026-01-04,vanillaSyrup,22,True,False
2026-01-04,chocolateSauce,34,True,False
2026-01-04,matchaPowder,20,True,False
2026-01-04,cupMedium,77,True,False
2026-01-05,arabicaBeans,56,False,False
2026-01-05,freshMilk,67,False,False
2026-01-05,oatMilk,23,False,False
2026-01-05,hazelnutSyrup,23,False,False
2026-01-05,vanillaSyrup,21,False,False
2026-01-05,chocolateSauce,18,False,False
2026-01-05,matchaPowder,15,False,False
2026-01-05,cupMedium,55,False,False
2026-01-06,arabicaBeans,41,False,False
2026-01-06,freshMilk,58,False,False
2026-01-06,oatMilk,19,False,False
2026-01-06,hazelnutSyrup,19,False,False
2026-01-06,vanillaSyrup,16,False,False
2026-01-06,chocolateSauce,22,False,False
2026-01-06,matchaPowder,13,False,False
2026-01-06,cupMedium,52,False,False
2026-01-07,arabicaBeans,43,False,False
2026-01-07,freshMilk,54,False,False
2026-01-07,oatMilk,18,False,False
2026-01-07,hazelnutSyrup,15,False,False
2026-01-07,vanillaSyrup,17,False,False
2026-01-07,chocolateSauce,23,False,False
2026-01-07,matchaPowder,14,False,False
2026-01-07,cupMedium,54,False,False
2026-01-08,arabicaBeans,60,False,False
2026-01-08,freshMilk,63,False,False
2026-01-08,oatMilk,21,False,False
2026-01-08,hazelnutSyrup,23,False,False
2026-01-08,vanillaSyrup,17,False,False
2026-01-08,chocolateSauce,21,False,False
2026-01-08,matchaPowder,21,False,False
2026-01-08,cupMedium,63,False,False
2026-01-09,arabicaBeans,48,False,False
2026-01-09,freshMilk,59,False,False
2026-01-09,oatMilk,26,False,False
2026-01-09,hazelnutSyrup,23,False,False
2026-01-09,vanillaSyrup,18,False,False
2026-01-09,chocolateSauce,22,False,False
2026-01-09,matchaPowder,21,False,False
2026-01-09,cupMedium,71,False,False
2026-01-10,arabicaBeans,69,True,False
2026-01-10,freshMilk,62,True,False
2026-01-10,oatMilk,36,True,False
2026-01-10,hazelnutSyrup,27,True,False
2026-01-10,vanillaSyrup,23,True,False
2026-01-10,chocolateSauce,28,True,False
2026-01-10,matchaPowder,26,True,False
2026-01-10,cupMedium,95,True,False
2026-01-11,arabicaBeans,56,True,False
2026-01-11,freshMilk,75,True,False
2026-01-11,oatMilk,35,True,False
2026-01-11,hazelnutSyrup,31,True,False
2026-01-11,vanillaSyrup,20,True,False
2026-01-11,chocolateSauce,22,True,False
2026-01-11,matchaPowder,20,True,False
2026-01-11,cupMedium,102,True,False
2026-01-12,arabicaBeans,48,False,False
2026-01-12,freshMilk,71,False,False
2026-01-12,oatMilk,21,False,False
2026-01-12,hazelnutSyrup,16,False,False
2026-01-12,vanillaSyrup,17,False,False
2026-01-12,chocolateSauce,20,False,False
2026-01-12,matchaPowder,11,False,False
2026-01-12,cupMedium,69,False,False
2026-01-13,arabicaBeans,32,False,False
2026-01-13,freshMilk,52,False,False
2026-01-13,oatMilk,19,False,False
2026-01-13,hazelnutSyrup,13,False,False
2026-01-13,vanillaSyrup,16,False,False
2026-01-13,chocolateSauce,22,False,False
2026-01-13,matchaPowder,10,False,False
2026-01-13,cupMedium,65,False,False
2026-01-14,arabicaBeans,57,False,False
2026-01-14,freshMilk,60,False,False
2026-01-14,oatMilk,24,False,False
2026-01-14,hazelnutSyrup,16,False,False
2026-01-14,vanillaSyrup,13,False,False
2026-01-14,chocolateSauce,17,False,False
2026-01-14,matchaPowder,12,False,False
2026-01-14,cupMedium,52,False,False
2026-01-15,arabicaBeans,46,False,False
2026-01-15,freshMilk,50,False,False
2026-01-15,oatMilk,23,False,False
2026-01-15,hazelnutSyrup,17,False,False
2026-01-15,vanillaSyrup,15,False,False
2026-01-15,chocolateSauce,26,False,False
2026-01-15,matchaPowder,12,False,False
2026-01-15,cupMedium,70,False,False
2026-01-16,arabicaBeans,43,False,False
2026-01-16,freshMilk,73,False,False
2026-01-16,oatMilk,22,False,False
2026-01-16,hazelnutSyrup,17,False,False
2026-01-16,vanillaSyrup,22,False,False
2026-01-16,chocolateSauce,22,False,False
2026-01-16,matchaPowder,22,False,False
2026-01-16,cupMedium,62,False,False
2026-01-17,arabicaBeans,60,True,False
2026-01-17,freshMilk,90,True,False
2026-01-17,oatMilk,29,True,False
2026-01-17,hazelnutSyrup,15,True,False
2026-01-17,vanillaSyrup,19,True,False
2026-01-17,chocolateSauce,27,True,False
2026-01-17,matchaPowder,20,True,False
2026-01-17,cupMedium,88,True,False
2026-01-18,arabicaBeans,60,True,False
2026-01-18,freshMilk,71,True,False
2026-01-18,oatMilk,28,True,False
2026-01-18,hazelnutSyrup,22,True,False
2026-01-18,vanillaSyrup,23,True,False
2026-01-18,chocolateSauce,25,True,False
2026-01-18,matchaPowder,17,True,False
2026-01-18,cupMedium,93,True,False
2026-01-19,arabicaBeans,38,False,False
2026-01-19,freshMilk,50,False,False
2026-01-19,oatMilk,23,False,False
2026-01-19,hazelnutSyrup,16,False,False
2026-01-19,vanillaSyrup,18,False,False
2026-01-19,chocolateSauce,22,False,False
2026-01-19,matchaPowder,12,False,False
2026-01-19,cupMedium,74,False,False
2026-01-20,arabicaBeans,38,False,False
2026-01-20,freshMilk,52,False,False
2026-01-20,oatMilk,21,False,False
2026-01-20,hazelnutSyrup,17,False,False
2026-01-20,vanillaSyrup,17,False,False
2026-01-20,chocolateSauce,20,False,False
2026-01-20,matchaPowder,13,False,False
2026-01-20,cupMedium,61,False,False
2026-01-21,arabicaBeans,42,False,False
2026-01-21,freshMilk,61,False,False
2026-01-21,oatMilk,17,False,False
2026-01-21,hazelnutSyrup,20,False,False
2026-01-21,vanillaSyrup,17,False,False
2026-01-21,chocolateSauce,17,False,False
2026-01-21,matchaPowder,13,False,False
2026-01-21,cupMedium,67,False,False
2026-01-22,arabicaBeans,40,False,False
2026-01-22,freshMilk,59,False,False
2026-01-22,oatMilk,23,False,False
2026-01-22,hazelnutSyrup,18,False,False
2026-01-22,vanillaSyrup,17,False,False
2026-01-22,chocolateSauce,16,False,False
2026-01-22,matchaPowder,14,False,False
2026-01-22,cupMedium,88,False,False
2026-01-23,arabicaBeans,54,False,False
2026-01-23,freshMilk,61,False,False
2026-01-23,oatMilk,27,False,False
2026-01-23,hazelnutSyrup,20,False,False
2026-01-23,vanillaSyrup,25,False,False
2026-01-23,chocolateSauce,25,False,False
2026-01-23,matchaPowder,18,False,False
2026-01-23,cupMedium,84,False,False
2026-01-24,arabicaBeans,59,True,False
2026-01-24,freshMilk,92,True,False
2026-01-24,oatMilk,44,True,False
2026-01-24,hazelnutSyrup,29,True,False
2026-01-24,vanillaSyrup,28,True,False
2026-01-24,chocolateSauce,33,True,False
2026-01-24,matchaPowder,19,True,False
2026-01-24,cupMedium,79,True,False
2026-01-25,arabicaBeans,58,True,False
2026-01-25,freshMilk,104,True,False
2026-01-25,oatMilk,33,True,False
2026-01-25,hazelnutSyrup,25,True,False
2026-01-25,vanillaSyrup,26,True,False
2026-01-25,chocolateSauce,30,True,False
2026-01-25,matchaPowder,21,True,False
2026-01-25,cupMedium,111,True,False
2026-01-26,arabicaBeans,48,False,True
2026-01-26,freshMilk,82,False,True
2026-01-26,oatMilk,34,False,True
2026-01-26,hazelnutSyrup,22,False,True
2026-01-26,vanillaSyrup,25,False,True
2026-01-26,chocolateSauce,27,False,True
2026-01-26,matchaPowder,21,False,True
2026-01-26,cupMedium,91,False,True
2026-01-27,arabicaBeans,48,False,False
2026-01-27,freshMilk,63,False,False
2026-01-27,oatMilk,33,False,False
2026-01-27,hazelnutSyrup,19,False,False
2026-01-27,vanillaSyrup,20,False,False
2026-01-27,chocolateSauce,20,False,False
2026-01-27,matchaPowder,13,False,False
2026-01-27,cupMedium,45,False,False
2026-01-28,arabicaBeans,46,False,False
2026-01-28,freshMilk,68,False,False
2026-01-28,oatMilk,23,False,False
2026-01-28,hazelnutSyrup,15,False,False
2026-01-28,vanillaSyrup,18,False,False
2026-01-28,chocolateSauce,17,False,False
2026-01-28,matchaPowder,15,False,False
2026-01-28,cupMedium,64,False,False
2026-01-29,arabicaBeans,42,False,False
2026-01-29,freshMilk,75,False,False
2026-01-29,oatMilk,26,False,False
2026-01-29,hazelnutSyrup,18,False,False
2026-01-29,vanillaSyrup,17,False,False
2026-01-29,chocolateSauce,19,False,False
2026-01-29,matchaPowder,21,False,False
2026-01-29,cupMedium,77,False,False
2026-01-30,arabicaBeans,54,False,False
2026-01-30,freshMilk,87,False,False
2026-01-30,oatMilk,27,False,False
2026-01-30,hazelnutSyrup,16,False,False
2026-01-30,vanillaSyrup,22,False,False
2026-01-30,chocolateSauce,30,False,False
2026-01-30,matchaPowder,21,False,False
2026-01-30,cupMedium,131,False,False
2026-01-31,arabicaBeans,61,True,False
2026-01-31,freshMilk,82,True,False
2026-01-31,oatMilk,29,True,False
2026-01-31,hazelnutSyrup,24,True,False
2026-01-31,vanillaSyrup,35,True,False
2026-01-31,chocolateSauce,39,True,False
2026-01-31,matchaPowder,22,True,False
2026-01-31,cupMedium,136,True,False
2026-02-01,arabicaBeans,57,True,False
2026-02-01,freshMilk,67,True,False
2026-02-01,oatMilk,47,True,False
2026-02-01,hazelnutSyrup,25,True,False
2026-02-01,vanillaSyrup,22,True,False
2026-02-01,chocolateSauce,26,True,False
2026-02-01,matchaPowder,20,True,False
2026-02-01,cupMedium,106,True,False
2026-02-02,arabicaBeans,41,False,False
2026-02-02,freshMilk,65,False,False
2026-02-02,oatMilk,24,False,False
2026-02-02,hazelnutSyrup,21,False,False
2026-02-02,vanillaSyrup,17,False,False
2026-02-02,chocolateSauce,23,False,False
2026-02-02,matchaPowder,12,False,False
2026-02-02,cupMedium,65,False,False
2026-02-03,arabicaBeans,39,False,False
2026-02-03,freshMilk,49,False,False
2026-02-03,oatMilk,20,False,False
2026-02-03,hazelnutSyrup,17,False,False
2026-02-03,vanillaSyrup,15,False,False
2026-02-03,chocolateSauce,21,False,False
2026-02-03,matchaPowder,14,False,False
2026-02-03,cupMedium,84,False,False
2026-02-04,arabicaBeans,31,False,False
2026-02-04,freshMilk,60,False,False
2026-02-04,oatMilk,23,False,False
2026-02-04,hazelnutSyrup,18,False,False
2026-02-04,vanillaSyrup,19,False,False
2026-02-04,chocolateSauce,20,False,False
2026-02-04,matchaPowder,14,False,False
2026-02-04,cupMedium,69,False,False
2026-02-05,arabicaBeans,63,False,False
2026-02-05,freshMilk,68,False,False
2026-02-05,oatMilk,28,False,False
2026-02-05,hazelnutSyrup,14,False,False
2026-02-05,vanillaSyrup,15,False,False
2026-02-05,chocolateSauce,28,False,False
2026-02-05,matchaPowder,17,False,False
2026-02-05,cupMedium,62,False,False
2026-02-06,arabicaBeans,60,False,False
2026-02-06,freshMilk,72,False,False
2026-02-06,oatMilk,29,False,False
2026-02-06,hazelnutSyrup,30,False,False
2026-02-06,vanillaSyrup,22,False,False
2026-02-06,chocolateSauce,22,False,False
2026-02-06,matchaPowder,18,False,False
2026-02-06,cupMedium,82,False,False
2026-02-07,arabicaBeans,71,True,False
2026-02-07,freshMilk,91,True,False
2026-02-07,oatMilk,31,True,False
2026-02-07,hazelnutSyrup,27,True,False
2026-02-07,vanillaSyrup,24,True,False
2026-02-07,chocolateSauce,39,True,False
2026-02-07,matchaPowder,29,True,False
2026-02-07,cupMedium,83,True,False
2026-02-08,arabicaBeans,59,True,False
2026-02-08,freshMilk,85,True,False
2026-02-08,oatMilk,29,True,False
2026-02-08,hazelnutSyrup,31,True,False
2026-02-08,vanillaSyrup,26,True,False
2026-02-08,chocolateSauce,31,True,False
2026-02-08,matchaPowder,20,True,False
2026-02-08,cupMedium,131,True,False
2026-02-09,arabicaBeans,46,False,False
2026-02-09,freshMilk,52,False,False
2026-02-09,oatMilk,27,False,False
2026-02-09,hazelnutSyrup,18,False,False
2026-02-09,vanillaSyrup,16,False,False
2026-02-09,chocolateSauce,15,False,False
2026-02-09,matchaPowder,16,False,False
2026-02-09,cupMedium,52,False,False
2026-02-10,arabicaBeans,45,False,False
2026-02-10,freshMilk,42,False,False
2026-02-10,oatMilk,20,False,False
2026-02-10,hazelnutSyrup,12,False,False
2026-02-10,vanillaSyrup,16,False,False
2026-02-10,chocolateSauce,25,False,False
2026-02-10,matchaPowder,11,False,False
2026-02-10,cupMedium,77,False,False
2026-02-11,arabicaBeans,39,False,False
2026-02-11,freshMilk,53,False,False
2026-02-11,oatMilk,19,False,False
2026-02-11,hazelnutSyrup,15,False,False
2026-02-11,vanillaSyrup,15,False,False
2026-02-11,chocolateSauce,22,False,False
2026-02-11,matchaPowder,12,False,False
2026-02-11,cupMedium,53,False,False
2026-02-12,arabicaBeans,41,False,False
2026-02-12,freshMilk,47,False,False
2026-02-12,oatMilk,26,False,False
2026-02-12,hazelnutSyrup,23,False,False
2026-02-12,vanillaSyrup,16,False,False
2026-02-12,chocolateSauce,21,False,False
2026-02-12,matchaPowder,15,False,False
2026-02-12,cupMedium,67,False,False
2026-02-13,arabicaBeans,55,False,False
2026-02-13,freshMilk,73,False,False
2026-02-13,oatMilk,26,False,False
2026-02-13,hazelnutSyrup,21,False,False
2026-02-13,vanillaSyrup,17,False,False
2026-02-13,chocolateSauce,25,False,False
2026-02-13,matchaPowder,18,False,False
2026-02-13,cupMedium,61,False,False
2026-02-14,arabicaBeans,56,True,False
2026-02-14,freshMilk,87,True,False
2026-02-14,oatMilk,32,True,False
2026-02-14,hazelnutSyrup,25,True,False
2026-02-14,vanillaSyrup,24,True,False
2026-02-14,chocolateSauce,33,True,False
2026-02-14,matchaPowder,22,True,False
2026-02-14,cupMedium,93,True,False
2026-02-15,arabicaBeans,46,True,False
2026-02-15,freshMilk,72,True,False
2026-02-15,oatMilk,30,True,False
2026-02-15,hazelnutSyrup,24,True,False
2026-02-15,vanillaSyrup,19,True,False
2026-02-15,chocolateSauce,24,True,False
2026-02-15,matchaPowder,16,True,False
2026-02-15,cupMedium,104,True,False
2026-02-16,arabicaBeans,47,False,False
2026-02-16,freshMilk,71,False,False
2026-02-16,oatMilk,16,False,False
2026-02-16,hazelnutSyrup,16,False,False
2026-02-16,vanillaSyrup,15,False,False
2026-02-16,chocolateSauce,18,False,False
2026-02-16,matchaPowder,11,False,False
2026-02-16,cupMedium,51,False,False
2026-02-17,arabicaBeans,39,False,False
2026-02-17,freshMilk,61,False,False
2026-02-17,oatMilk,22,False,False
2026-02-17,hazelnutSyrup,16,False,False
2026-02-17,vanillaSyrup,14,False,False
2026-02-17,chocolateSauce,22,False,False
2026-02-17,matchaPowder,13,False,False
2026-02-17,cupMedium,73,False,False
2026-02-18,arabicaBeans,45,False,False
2026-02-18,freshMilk,53,False,False
2026-02-18,oatMilk,25,False,False
2026-02-18,hazelnutSyrup,14,False,False
2026-02-18,vanillaSyrup,14,False,False
2026-02-18,chocolateSauce,20,False,False
2026-02-18,matchaPowder,12,False,False
2026-02-18,cupMedium,70,False,False
2026-02-19,arabicaBeans,54,False,False
2026-02-19,freshMilk,69,False,False
2026-02-19,oatMilk,20,False,False
2026-02-19,hazelnutSyrup,20,False,False
2026-02-19,vanillaSyrup,15,False,False
2026-02-19,chocolateSauce,22,False,False
2026-02-19,matchaPowder,17,False,False
2026-02-19,cupMedium,73,False,False
2026-02-20,arabicaBeans,52,False,False
2026-02-20,freshMilk,66,False,False
2026-02-20,oatMilk,26,False,False
2026-02-20,hazelnutSyrup,20,False,False
2026-02-20,vanillaSyrup,20,False,False
2026-02-20,chocolateSauce,23,False,False
2026-02-20,matchaPowder,21,False,False
2026-02-20,cupMedium,74,False,False
2026-02-21,arabicaBeans,73,True,False
2026-02-21,freshMilk,99,True,False
2026-02-21,oatMilk,39,True,False
2026-02-21,hazelnutSyrup,31,True,False
2026-02-21,vanillaSyrup,28,True,False
2026-02-21,chocolateSauce,33,True,False
2026-02-21,matchaPowder,21,True,False
2026-02-21,cupMedium,81,True,False
2026-02-22,arabicaBeans,50,True,False
2026-02-22,freshMilk,84,True,False
2026-02-22,oatMilk,33,True,False
2026-02-22,hazelnutSyrup,27,True,False
2026-02-22,vanillaSyrup,26,True,False
2026-02-22,chocolateSauce,27,True,False
2026-02-22,matchaPowder,23,True,False
2026-02-22,cupMedium,130,True,False
2026-02-23,arabicaBeans,40,False,False
2026-02-23,freshMilk,54,False,False
2026-02-23,oatMilk,26,False,False
2026-02-23,hazelnutSyrup,20,False,False
2026-02-23,vanillaSyrup,17,False,False
2026-02-23,chocolateSauce,22,False,False
2026-02-23,matchaPowder,13,False,False
2026-02-23,cupMedium,101,False,False
2026-02-24,arabicaBeans,38,False,False
2026-02-24,freshMilk,60,False,False
2026-02-24,oatMilk,30,False,False
2026-02-24,hazelnutSyrup,15,False,False
2026-02-24,vanillaSyrup,13,False,False
2026-02-24,chocolateSauce,24,False,False
2026-02-24,matchaPowder,14,False,False
2026-02-24,cupMedium,77,False,False
2026-02-25,arabicaBeans,51,False,False
2026-02-25,freshMilk,64,False,False
2026-02-25,oatMilk,31,False,False
2026-02-25,hazelnutSyrup,18,False,False
2026-02-25,vanillaSyrup,21,False,False
2026-02-25,chocolateSauce,24,False,False
2026-02-25,matchaPowder,19,False,False
2026-02-25,cupMedium,86,False,False
2026-02-26,arabicaBeans,51,False,False
2026-02-26,freshMilk,68,False,False
2026-02-26,oatMilk,27,False,False
2026-02-26,hazelnutSyrup,24,False,False
2026-02-26,vanillaSyrup,20,False,False
2026-02-26,chocolateSauce,23,False,False
2026-02-26,matchaPowder,23,False,False
2026-02-26,cupMedium,81,False,False
2026-02-27,arabicaBeans,70,False,False
2026-02-27,freshMilk,79,False,False
2026-02-27,oatMilk,34,False,False
2026-02-27,hazelnutSyrup,23,False,False
2026-02-27,vanillaSyrup,22,False,False
2026-02-27,chocolateSauce,25,False,False
2026-02-27,matchaPowder,18,False,False
2026-02-27,cupMedium,91,False,False
2026-02-28,arabicaBeans,81,True,False
2026-02-28,freshMilk,112,True,False
2026-02-28,oatMilk,25,True,False
2026-02-28,hazelnutSyrup,29,True,False
2026-02-28,vanillaSyrup,28,True,False
2026-02-28,chocolateSauce,33,True,False
2026-02-28,matchaPowder,24,True,False
2026-02-28,cupMedium,120,True,False
2026-03-01,arabicaBeans,68,True,False
2026-03-01,freshMilk,71,True,False
2026-03-01,oatMilk,37,True,False
2026-03-01,hazelnutSyrup,28,True,False
2026-03-01,vanillaSyrup,27,True,False
2026-03-01,chocolateSauce,36,True,False
2026-03-01,matchaPowder,25,True,False
2026-03-01,cupMedium,119,True,False
2026-03-02,arabicaBeans,60,False,False
2026-03-02,freshMilk,73,False,False
2026-03-02,oatMilk,31,False,False
2026-03-02,hazelnutSyrup,23,False,False
2026-03-02,vanillaSyrup,16,False,False
2026-03-02,chocolateSauce,22,False,False
2026-03-02,matchaPowder,17,False,False
2026-03-02,cupMedium,58,False,False
2026-03-03,arabicaBeans,30,False,False
2026-03-03,freshMilk,56,False,False
2026-03-03,oatMilk,27,False,False
2026-03-03,hazelnutSyrup,17,False,False
2026-03-03,vanillaSyrup,15,False,False
2026-03-03,chocolateSauce,27,False,False
2026-03-03,matchaPowder,15,False,False
2026-03-03,cupMedium,55,False,False
2026-03-04,arabicaBeans,41,False,False
2026-03-04,freshMilk,54,False,False
2026-03-04,oatMilk,31,False,False
2026-03-04,hazelnutSyrup,19,False,False
2026-03-04,vanillaSyrup,22,False,False
2026-03-04,chocolateSauce,20,False,False
2026-03-04,matchaPowder,18,False,False
2026-03-04,cupMedium,86,False,False
2026-03-05,arabicaBeans,53,False,False
2026-03-05,freshMilk,80,False,False
2026-03-05,oatMilk,31,False,False
2026-03-05,hazelnutSyrup,25,False,False
2026-03-05,vanillaSyrup,18,False,False
2026-03-05,chocolateSauce,25,False,False
2026-03-05,matchaPowder,18,False,False
2026-03-05,cupMedium,104,False,False
2026-03-06,arabicaBeans,69,False,False
2026-03-06,freshMilk,78,False,False
2026-03-06,oatMilk,29,False,False
2026-03-06,hazelnutSyrup,18,False,False
2026-03-06,vanillaSyrup,25,False,False
2026-03-06,chocolateSauce,31,False,False
2026-03-06,matchaPowder,15,False,False
2026-03-06,cupMedium,106,False,False
2026-03-07,arabicaBeans,76,True,False
2026-03-07,freshMilk,103,True,False
2026-03-07,oatMilk,41,True,False
2026-03-07,hazelnutSyrup,25,True,False
2026-03-07,vanillaSyrup,36,True,False
2026-03-07,chocolateSauce,33,True,False
2026-03-07,matchaPowder,26,True,False
2026-03-07,cupMedium,98,True,False
2026-03-08,arabicaBeans,73,True,False
2026-03-08,freshMilk,86,True,False
2026-03-08,oatMilk,24,True,False
2026-03-08,hazelnutSyrup,23,True,False
2026-03-08,vanillaSyrup,21,True,False
2026-03-08,chocolateSauce,31,True,False
2026-03-08,matchaPowder,22,True,False
2026-03-08,cupMedium,108,True,False
2026-03-09,arabicaBeans,39,False,False
2026-03-09,freshMilk,63,False,False
2026-03-09,oatMilk,20,False,False
2026-03-09,hazelnutSyrup,24,False,False
2026-03-09,vanillaSyrup,17,False,False
2026-03-09,chocolateSauce,27,False,False
2026-03-09,matchaPowder,17,False,False
2026-03-09,cupMedium,83,False,False
2026-03-10,arabicaBeans,39,False,False
2026-03-10,freshMilk,55,False,False
2026-03-10,oatMilk,24,False,False
2026-03-10,hazelnutSyrup,18,False,False
2026-03-10,vanillaSyrup,12,False,False
2026-03-10,chocolateSauce,22,False,False
2026-03-10,matchaPowder,10,False,False
2026-03-10,cupMedium,78,False,False
2026-03-11,arabicaBeans,40,False,False
2026-03-11,freshMilk,52,False,False
2026-03-11,oatMilk,27,False,False
2026-03-11,hazelnutSyrup,18,False,False
2026-03-11,vanillaSyrup,19,False,False
2026-03-11,chocolateSauce,21,False,False
2026-03-11,matchaPowder,18,False,False
2026-03-11,cupMedium,78,False,False
2026-03-12,arabicaBeans,59,False,False
2026-03-12,freshMilk,58,False,False
2026-03-12,oatMilk,25,False,False
2026-03-12,hazelnutSyrup,18,False,False
2026-03-12,vanillaSyrup,19,False,False
2026-03-12,chocolateSauce,24,False,False
2026-03-12,matchaPowder,20,False,False
2026-03-12,cupMedium,82,False,False
2026-03-13,arabicaBeans,49,False,False
2026-03-13,freshMilk,80,False,False
2026-03-13,oatMilk,32,False,False
2026-03-13,hazelnutSyrup,21,False,False
2026-03-13,vanillaSyrup,20,False,False
2026-03-13,chocolateSauce,18,False,False
2026-03-13,matchaPowder,18,False,False
2026-03-13,cupMedium,56,False,False
2026-03-14,arabicaBeans,50,True,False
2026-03-14,freshMilk,110,True,False
2026-03-14,oatMilk,41,True,False
2026-03-14,hazelnutSyrup,27,True,False
2026-03-14,vanillaSyrup,24,True,False
2026-03-14,chocolateSauce,21,True,False
2026-03-14,matchaPowder,31,True,False
2026-03-14,cupMedium,122,True,False
2026-03-15,arabicaBeans,68,True,False
2026-03-15,freshMilk,87,True,False
2026-03-15,oatMilk,32,True,False
2026-03-15,hazelnutSyrup,22,True,False
2026-03-15,vanillaSyrup,19,True,False
2026-03-15,chocolateSauce,22,True,False
2026-03-15,matchaPowder,24,True,False
2026-03-15,cupMedium,82,True,False
2026-03-16,arabicaBeans,43,False,False
2026-03-16,freshMilk,51,False,False
2026-03-16,oatMilk,21,False,False
2026-03-16,hazelnutSyrup,15,False,False
2026-03-16,vanillaSyrup,16,False,False
2026-03-16,chocolateSauce,18,False,False
2026-03-16,matchaPowder,16,False,False
2026-03-16,cupMedium,81,False,False
2026-03-17,arabicaBeans,37,False,False
2026-03-17,freshMilk,56,False,False
2026-03-17,oatMilk,21,False,False
2026-03-17,hazelnutSyrup,14,False,False
2026-03-17,vanillaSyrup,16,False,False
2026-03-17,chocolateSauce,15,False,False
2026-03-17,matchaPowder,14,False,False
2026-03-17,cupMedium,69,False,False
2026-03-18,arabicaBeans,39,False,False
2026-03-18,freshMilk,63,False,False
2026-03-18,oatMilk,20,False,False
2026-03-18,hazelnutSyrup,18,False,False
2026-03-18,vanillaSyrup,15,False,False
2026-03-18,chocolateSauce,19,False,False
2026-03-18,matchaPowder,19,False,False
2026-03-18,cupMedium,51,False,False
2026-03-19,arabicaBeans,79,False,True
2026-03-19,freshMilk,92,False,True
2026-03-19,oatMilk,36,False,True
2026-03-19,hazelnutSyrup,32,False,True
2026-03-19,vanillaSyrup,23,False,True
2026-03-19,chocolateSauce,24,False,True
2026-03-19,matchaPowder,17,False,True
2026-03-19,cupMedium,90,False,True
2026-03-20,arabicaBeans,57,False,True
2026-03-20,freshMilk,105,False,True
2026-03-20,oatMilk,32,False,True
2026-03-20,hazelnutSyrup,27,False,True
2026-03-20,vanillaSyrup,33,False,True
2026-03-20,chocolateSauce,31,False,True
2026-03-20,matchaPowder,25,False,True
2026-03-20,cupMedium,104,False,True
2026-03-21,arabicaBeans,73,True,True
2026-03-21,freshMilk,103,True,True
2026-03-21,oatMilk,50,True,True
2026-03-21,hazelnutSyrup,42,True,True
2026-03-21,vanillaSyrup,29,True,True
2026-03-21,chocolateSauce,47,True,True
2026-03-21,matchaPowder,38,True,True
2026-03-21,cupMedium,136,True,True
2026-03-22,arabicaBeans,81,True,True
2026-03-22,freshMilk,130,True,True
2026-03-22,oatMilk,35,True,True
2026-03-22,hazelnutSyrup,30,True,True
2026-03-22,vanillaSyrup,21,True,True
2026-03-22,chocolateSauce,52,True,True
2026-03-22,matchaPowder,31,True,True
2026-03-22,cupMedium,131,True,True
2026-03-23,arabicaBeans,47,False,False
2026-03-23,freshMilk,65,False,False
2026-03-23,oatMilk,26,False,False
2026-03-23,hazelnutSyrup,17,False,False
2026-03-23,vanillaSyrup,17,False,False
2026-03-23,chocolateSauce,22,False,False
2026-03-23,matchaPowder,18,False,False
2026-03-23,cupMedium,79,False,False
2026-03-24,arabicaBeans,50,False,False
2026-03-24,freshMilk,48,False,False
2026-03-24,oatMilk,20,False,False
2026-03-24,hazelnutSyrup,16,False,False
2026-03-24,vanillaSyrup,18,False,False
2026-03-24,chocolateSauce,21,False,False
2026-03-24,matchaPowder,11,False,False
2026-03-24,cupMedium,61,False,False
2026-03-25,arabicaBeans,42,False,False
2026-03-25,freshMilk,78,False,False
2026-03-25,oatMilk,28,False,False
2026-03-25,hazelnutSyrup,18,False,False
2026-03-25,vanillaSyrup,16,False,False
2026-03-25,chocolateSauce,21,False,False
2026-03-25,matchaPowder,16,False,False
2026-03-25,cupMedium,84,False,False
2026-03-26,arabicaBeans,45,False,False
2026-03-26,freshMilk,59,False,False
2026-03-26,oatMilk,24,False,False
2026-03-26,hazelnutSyrup,15,False,False
2026-03-26,vanillaSyrup,23,False,False
2026-03-26,chocolateSauce,16,False,False
2026-03-26,matchaPowder,18,False,False
2026-03-26,cupMedium,72,False,False
2026-03-27,arabicaBeans,62,False,False
2026-03-27,freshMilk,69,False,False
2026-03-27,oatMilk,34,False,False
2026-03-27,hazelnutSyrup,21,False,False
2026-03-27,vanillaSyrup,19,False,False
2026-03-27,chocolateSauce,33,False,False
2026-03-27,matchaPowder,14,False,False
2026-03-27,cupMedium,103,False,False
2026-03-28,arabicaBeans,76,True,False
2026-03-28,freshMilk,112,True,False
2026-03-28,oatMilk,39,True,False
2026-03-28,hazelnutSyrup,33,True,False
2026-03-28,vanillaSyrup,31,True,False
2026-03-28,chocolateSauce,46,True,False
2026-03-28,matchaPowder,23,True,False
2026-03-28,cupMedium,111,True,False
2026-03-29,arabicaBeans,82,True,False
2026-03-29,freshMilk,91,True,False
2026-03-29,oatMilk,29,True,False
2026-03-29,hazelnutSyrup,29,True,False
2026-03-29,vanillaSyrup,26,True,False
2026-03-29,chocolateSauce,39,True,False
2026-03-29,matchaPowder,23,True,False
2026-03-29,cupMedium,113,True,False
2026-03-30,arabicaBeans,47,False,False
2026-03-30,freshMilk,80,False,False
2026-03-30,oatMilk,36,False,False
2026-03-30,hazelnutSyrup,22,False,False
2026-03-30,vanillaSyrup,20,False,False
2026-03-30,chocolateSauce,29,False,False
2026-03-30,matchaPowder,21,False,False
2026-03-30,cupMedium,70,False,False
2026-03-31,arabicaBeans,32,False,False
2026-03-31,freshMilk,64,False,False
2026-03-31,oatMilk,24,False,False
2026-03-31,hazelnutSyrup,21,False,False
2026-03-31,vanillaSyrup,18,False,False
2026-03-31,chocolateSauce,22,False,False
2026-03-31,matchaPowder,19,False,False
2026-03-31,cupMedium,84,False,False
2026-04-01,arabicaBeans,58,False,False
2026-04-01,freshMilk,55,False,False
2026-04-01,oatMilk,25,False,False
2026-04-01,hazelnutSyrup,20,False,False
2026-04-01,vanillaSyrup,21,False,False
2026-04-01,chocolateSauce,28,False,False
2026-04-01,matchaPowder,22,False,False
2026-04-01,cupMedium,63,False,False
2026-04-02,arabicaBeans,60,False,False
2026-04-02,freshMilk,88,False,False
2026-04-02,oatMilk,25,False,False
2026-04-02,hazelnutSyrup,20,False,False
2026-04-02,vanillaSyrup,21,False,False
2026-04-02,chocolateSauce,31,False,False
2026-04-02,matchaPowder,18,False,False
2026-04-02,cupMedium,89,False,False
2026-04-03,arabicaBeans,59,False,False
2026-04-03,freshMilk,81,False,False
2026-04-03,oatMilk,34,False,False
2026-04-03,hazelnutSyrup,22,False,False
2026-04-03,vanillaSyrup,24,False,False
2026-04-03,chocolateSauce,32,False,False
2026-04-03,matchaPowder,24,False,False
2026-04-03,cupMedium,66,False,False
2026-04-04,arabicaBeans,73,True,False
2026-04-04,freshMilk,123,True,False
2026-04-04,oatMilk,39,True,False
2026-04-04,hazelnutSyrup,43,True,False
2026-04-04,vanillaSyrup,39,True,False
2026-04-04,chocolateSauce,41,True,False
2026-04-04,matchaPowder,26,True,False
2026-04-04,cupMedium,110,True,False
2026-04-05,arabicaBeans,63,True,False
2026-04-05,freshMilk,108,True,False
2026-04-05,oatMilk,44,True,False
2026-04-05,hazelnutSyrup,25,True,False
2026-04-05,vanillaSyrup,19,True,False
2026-04-05,chocolateSauce,32,True,False
2026-04-05,matchaPowder,29,True,False
2026-04-05,cupMedium,121,True,False
2026-04-06,arabicaBeans,58,False,False
2026-04-06,freshMilk,57,False,False
2026-04-06,oatMilk,29,False,False
2026-04-06,hazelnutSyrup,28,False,False
2026-04-06,vanillaSyrup,16,False,False
2026-04-06,chocolateSauce,19,False,False
2026-04-06,matchaPowder,17,False,False
2026-04-06,cupMedium,61,False,False
2026-04-07,arabicaBeans,43,False,False
2026-04-07,freshMilk,35,False,False
2026-04-07,oatMilk,29,False,False
2026-04-07,hazelnutSyrup,20,False,False
2026-04-07,vanillaSyrup,17,False,False
2026-04-07,chocolateSauce,20,False,False
2026-04-07,matchaPowder,19,False,False
2026-04-07,cupMedium,68,False,False
2026-04-08,arabicaBeans,37,False,False
2026-04-08,freshMilk,62,False,False
2026-04-08,oatMilk,24,False,False
2026-04-08,hazelnutSyrup,20,False,False
2026-04-08,vanillaSyrup,16,False,False
2026-04-08,chocolateSauce,19,False,False
2026-04-08,matchaPowder,16,False,False
2026-04-08,cupMedium,77,False,False
2026-04-09,arabicaBeans,40,False,False
2026-04-09,freshMilk,61,False,False
2026-04-09,oatMilk,23,False,False
2026-04-09,hazelnutSyrup,21,False,False
2026-04-09,vanillaSyrup,19,False,False
2026-04-09,chocolateSauce,20,False,False
2026-04-09,matchaPowder,20,False,False
2026-04-09,cupMedium,74,False,False
2026-04-10,arabicaBeans,62,False,False
2026-04-10,freshMilk,72,False,False
2026-04-10,oatMilk,28,False,False
2026-04-10,hazelnutSyrup,13,False,False
2026-04-10,vanillaSyrup,25,False,False
2026-04-10,chocolateSauce,18,False,False
2026-04-10,matchaPowder,25,False,False
2026-04-10,cupMedium,81,False,False
2026-04-11,arabicaBeans,77,True,False
2026-04-11,freshMilk,77,True,False
2026-04-11,oatMilk,31,True,False
2026-04-11,hazelnutSyrup,33,True,False
2026-04-11,vanillaSyrup,26,True,False
2026-04-11,chocolateSauce,25,True,False
2026-04-11,matchaPowder,25,True,False
2026-04-11,cupMedium,146,True,False
2026-04-12,arabicaBeans,57,True,False
2026-04-12,freshMilk,90,True,False
2026-04-12,oatMilk,28,True,False
2026-04-12,hazelnutSyrup,25,True,False
2026-04-12,vanillaSyrup,32,True,False
2026-04-12,chocolateSauce,32,True,False
2026-04-12,matchaPowder,24,True,False
2026-04-12,cupMedium,93,True,False
2026-04-13,arabicaBeans,47,False,False
2026-04-13,freshMilk,55,False,False
2026-04-13,oatMilk,23,False,False
2026-04-13,hazelnutSyrup,19,False,False
2026-04-13,vanillaSyrup,20,False,False
2026-04-13,chocolateSauce,22,False,False
2026-04-13,matchaPowder,15,False,False
2026-04-13,cupMedium,78,False,False
2026-04-14,arabicaBeans,58,False,False
2026-04-14,freshMilk,59,False,False
2026-04-14,oatMilk,21,False,False
2026-04-14,hazelnutSyrup,16,False,False
2026-04-14,vanillaSyrup,18,False,False
2026-04-14,chocolateSauce,20,False,False
2026-04-14,matchaPowder,15,False,False
2026-04-14,cupMedium,48,False,False
2026-04-15,arabicaBeans,46,False,False
2026-04-15,freshMilk,48,False,False
2026-04-15,oatMilk,26,False,False
2026-04-15,hazelnutSyrup,16,False,False
2026-04-15,vanillaSyrup,14,False,False
2026-04-15,chocolateSauce,22,False,False
2026-04-15,matchaPowder,19,False,False
2026-04-15,cupMedium,69,False,False
2026-04-16,arabicaBeans,48,False,False
2026-04-16,freshMilk,60,False,False
2026-04-16,oatMilk,26,False,False
2026-04-16,hazelnutSyrup,19,False,False
2026-04-16,vanillaSyrup,18,False,False
2026-04-16,chocolateSauce,22,False,False
2026-04-16,matchaPowder,15,False,False
2026-04-16,cupMedium,94,False,False
2026-04-17,arabicaBeans,44,False,False
2026-04-17,freshMilk,75,False,False
2026-04-17,oatMilk,31,False,False
2026-04-17,hazelnutSyrup,26,False,False
2026-04-17,vanillaSyrup,21,False,False
2026-04-17,chocolateSauce,33,False,False
2026-04-17,matchaPowder,16,False,False
2026-04-17,cupMedium,91,False,False
2026-04-18,arabicaBeans,58,True,False
2026-04-18,freshMilk,83,True,False
2026-04-18,oatMilk,37,True,False
2026-04-18,hazelnutSyrup,27,True,False
2026-04-18,vanillaSyrup,26,True,False
2026-04-18,chocolateSauce,36,True,False
2026-04-18,matchaPowder,23,True,False
2026-04-18,cupMedium,109,True,False
2026-04-19,arabicaBeans,77,True,False
2026-04-19,freshMilk,77,True,False
2026-04-19,oatMilk,32,True,False
2026-04-19,hazelnutSyrup,22,True,False
2026-04-19,vanillaSyrup,19,True,False
2026-04-19,chocolateSauce,38,True,False
2026-04-19,matchaPowder,21,True,False
2026-04-19,cupMedium,113,True,False
2026-04-20,arabicaBeans,43,False,False
2026-04-20,freshMilk,70,False,False
2026-04-20,oatMilk,28,False,False
2026-04-20,hazelnutSyrup,15,False,False
2026-04-20,vanillaSyrup,13,False,False
2026-04-20,chocolateSauce,26,False,False
2026-04-20,matchaPowder,17,False,False
2026-04-20,cupMedium,96,False,False
2026-04-21,arabicaBeans,52,False,False
2026-04-21,freshMilk,46,False,False
2026-04-21,oatMilk,20,False,False
2026-04-21,hazelnutSyrup,20,False,False
2026-04-21,vanillaSyrup,18,False,False
2026-04-21,chocolateSauce,24,False,False
2026-04-21,matchaPowder,14,False,False
2026-04-21,cupMedium,53,False,False
2026-04-22,arabicaBeans,41,False,False
2026-04-22,freshMilk,52,False,False
2026-04-22,oatMilk,21,False,False
2026-04-22,hazelnutSyrup,17,False,False
2026-04-22,vanillaSyrup,14,False,False
2026-04-22,chocolateSauce,19,False,False
2026-04-22,matchaPowder,18,False,False
2026-04-22,cupMedium,60,False,False
2026-04-23,arabicaBeans,54,False,False
2026-04-23,freshMilk,63,False,False
2026-04-23,oatMilk,24,False,False
2026-04-23,hazelnutSyrup,23,False,False
2026-04-23,vanillaSyrup,23,False,False
2026-04-23,chocolateSauce,19,False,False
2026-04-23,matchaPowder,12,False,False
2026-04-23,cupMedium,89,False,False
2026-04-24,arabicaBeans,55,False,False
2026-04-24,freshMilk,76,False,False
2026-04-24,oatMilk,40,False,False
2026-04-24,hazelnutSyrup,21,False,False
2026-04-24,vanillaSyrup,17,False,False
2026-04-24,chocolateSauce,24,False,False
2026-04-24,matchaPowder,20,False,False
2026-04-24,cupMedium,84,False,False
2026-04-25,arabicaBeans,77,True,False
2026-04-25,freshMilk,103,True,False
2026-04-25,oatMilk,39,True,False
2026-04-25,hazelnutSyrup,33,True,False
2026-04-25,vanillaSyrup,32,True,False
2026-04-25,chocolateSauce,34,True,False
2026-04-25,matchaPowder,23,True,False
2026-04-25,cupMedium,113,True,False
2026-04-26,arabicaBeans,52,True,False
2026-04-26,freshMilk,89,True,False
2026-04-26,oatMilk,33,True,False
2026-04-26,hazelnutSyrup,28,True,False
2026-04-26,vanillaSyrup,31,True,False
2026-04-26,chocolateSauce,37,True,False
2026-04-26,matchaPowder,24,True,False
2026-04-26,cupMedium,110,True,False
2026-04-27,arabicaBeans,55,False,False
2026-04-27,freshMilk,72,False,False
2026-04-27,oatMilk,30,False,False
2026-04-27,hazelnutSyrup,18,False,False
2026-04-27,vanillaSyrup,18,False,False
2026-04-27,chocolateSauce,30,False,False
2026-04-27,matchaPowder,15,False,False
2026-04-27,cupMedium,71,False,False
2026-04-28,arabicaBeans,50,False,False
2026-04-28,freshMilk,82,False,False
2026-04-28,oatMilk,24,False,False
2026-04-28,hazelnutSyrup,15,False,False
2026-04-28,vanillaSyrup,24,False,False
2026-04-28,chocolateSauce,18,False,False
2026-04-28,matchaPowder,17,False,False
2026-04-28,cupMedium,73,False,False
2026-04-29,arabicaBeans,47,False,False
2026-04-29,freshMilk,69,False,False
2026-04-29,oatMilk,25,False,False
2026-04-29,hazelnutSyrup,19,False,False
2026-04-29,vanillaSyrup,22,False,False
2026-04-29,chocolateSauce,24,False,False
2026-04-29,matchaPowder,17,False,False
2026-04-29,cupMedium,91,False,False
2026-04-30,arabicaBeans,58,False,False
2026-04-30,freshMilk,56,False,False
2026-04-30,oatMilk,27,False,False
2026-04-30,hazelnutSyrup,34,False,False
2026-04-30,vanillaSyrup,24,False,False
2026-04-30,chocolateSauce,21,False,False
2026-04-30,matchaPowder,17,False,False
2026-04-30,cupMedium,83,False,False
2026-05-01,arabicaBeans,75,False,True
2026-05-01,freshMilk,104,False,True
2026-05-01,oatMilk,48,False,True
2026-05-01,hazelnutSyrup,26,False,True
2026-05-01,vanillaSyrup,44,False,True
2026-05-01,chocolateSauce,38,False,True
2026-05-01,matchaPowder,27,False,True
2026-05-01,cupMedium,136,False,True
2026-05-02,arabicaBeans,83,True,False
2026-05-02,freshMilk,115,True,False
2026-05-02,oatMilk,41,True,False
2026-05-02,hazelnutSyrup,31,True,False
2026-05-02,vanillaSyrup,30,True,False
2026-05-02,chocolateSauce,38,True,False
2026-05-02,matchaPowder,29,True,False
2026-05-02,cupMedium,120,True,False
2026-05-03,arabicaBeans,60,True,False
2026-05-03,freshMilk,106,True,False
2026-05-03,oatMilk,43,True,False
2026-05-03,hazelnutSyrup,33,True,False
2026-05-03,vanillaSyrup,29,True,False
2026-05-03,chocolateSauce,38,True,False
2026-05-03,matchaPowder,26,True,False
2026-05-03,cupMedium,110,True,False
2026-05-04,arabicaBeans,57,False,False
2026-05-04,freshMilk,47,False,False
2026-05-04,oatMilk,30,False,False
2026-05-04,hazelnutSyrup,20,False,False
2026-05-04,vanillaSyrup,25,False,False
2026-05-04,chocolateSauce,24,False,False
2026-05-04,matchaPowder,14,False,False
2026-05-04,cupMedium,86,False,False
2026-05-05,arabicaBeans,54,False,False
2026-05-05,freshMilk,71,False,False
2026-05-05,oatMilk,25,False,False
2026-05-05,hazelnutSyrup,22,False,False
2026-05-05,vanillaSyrup,22,False,False
2026-05-05,chocolateSauce,26,False,False
2026-05-05,matchaPowder,14,False,False
2026-05-05,cupMedium,67,False,False
2026-05-06,arabicaBeans,44,False,False
2026-05-06,freshMilk,57,False,False
2026-05-06,oatMilk,22,False,False
2026-05-06,hazelnutSyrup,18,False,False
2026-05-06,vanillaSyrup,22,False,False
2026-05-06,chocolateSauce,18,False,False
2026-05-06,matchaPowder,14,False,False
2026-05-06,cupMedium,80,False,False
2026-05-07,arabicaBeans,39,False,False
2026-05-07,freshMilk,65,False,False
2026-05-07,oatMilk,30,False,False
2026-05-07,hazelnutSyrup,21,False,False
2026-05-07,vanillaSyrup,15,False,False
2026-05-07,chocolateSauce,34,False,False
2026-05-07,matchaPowder,18,False,False
2026-05-07,cupMedium,81,False,False
2026-05-08,arabicaBeans,65,False,False
2026-05-08,freshMilk,115,False,False
2026-05-08,oatMilk,31,False,False
2026-05-08,hazelnutSyrup,19,False,False
2026-05-08,vanillaSyrup,20,False,False
2026-05-08,chocolateSauce,27,False,False
2026-05-08,matchaPowder,21,False,False
2026-05-08,cupMedium,94,False,False
2026-05-09,arabicaBeans,70,True,False
2026-05-09,freshMilk,92,True,False
2026-05-09,oatMilk,35,True,False
2026-05-09,hazelnutSyrup,23,True,False
2026-05-09,vanillaSyrup,29,True,False
2026-05-09,chocolateSauce,36,True,False
2026-05-09,matchaPowder,26,True,False
2026-05-09,cupMedium,117,True,False
2026-05-10,arabicaBeans,62,True,False
2026-05-10,freshMilk,67,True,False
2026-05-10,oatMilk,44,True,False
2026-05-10,hazelnutSyrup,34,True,False
2026-05-10,vanillaSyrup,26,True,False
2026-05-10,chocolateSauce,28,True,False
2026-05-10,matchaPowder,27,True,False
2026-05-10,cupMedium,98,True,False
2026-05-11,arabicaBeans,50,False,False
2026-05-11,freshMilk,40,False,False
2026-05-11,oatMilk,21,False,False
2026-05-11,hazelnutSyrup,18,False,False
2026-05-11,vanillaSyrup,21,False,False
2026-05-11,chocolateSauce,24,False,False
2026-05-11,matchaPowder,15,False,False
2026-05-11,cupMedium,82,False,False
2026-05-12,arabicaBeans,39,False,False
2026-05-12,freshMilk,54,False,False
2026-05-12,oatMilk,21,False,False
2026-05-12,hazelnutSyrup,18,False,False
2026-05-12,vanillaSyrup,18,False,False
2026-05-12,chocolateSauce,20,False,False
2026-05-12,matchaPowder,15,False,False
2026-05-12,cupMedium,63,False,False
2026-05-13,arabicaBeans,38,False,False
2026-05-13,freshMilk,58,False,False
2026-05-13,oatMilk,20,False,False
2026-05-13,hazelnutSyrup,13,False,False
2026-05-13,vanillaSyrup,22,False,False
2026-05-13,chocolateSauce,20,False,False
2026-05-13,matchaPowder,16,False,False
2026-05-13,cupMedium,70,False,False
2026-05-14,arabicaBeans,75,False,True
2026-05-14,freshMilk,91,False,True
2026-05-14,oatMilk,40,False,True
2026-05-14,hazelnutSyrup,24,False,True
2026-05-14,vanillaSyrup,30,False,True
2026-05-14,chocolateSauce,23,False,True
2026-05-14,matchaPowder,23,False,True
2026-05-14,cupMedium,109,False,True
2026-05-15,arabicaBeans,62,False,False
2026-05-15,freshMilk,56,False,False
2026-05-15,oatMilk,23,False,False
2026-05-15,hazelnutSyrup,26,False,False
2026-05-15,vanillaSyrup,22,False,False
2026-05-15,chocolateSauce,21,False,False
2026-05-15,matchaPowder,17,False,False
2026-05-15,cupMedium,103,False,False
2026-05-16,arabicaBeans,62,True,False
2026-05-16,freshMilk,106,True,False
2026-05-16,oatMilk,36,True,False
2026-05-16,hazelnutSyrup,22,True,False
2026-05-16,vanillaSyrup,27,True,False
2026-05-16,chocolateSauce,34,True,False
2026-05-16,matchaPowder,23,True,False
2026-05-16,cupMedium,124,True,False
2026-05-17,arabicaBeans,54,True,False
2026-05-17,freshMilk,99,True,False
2026-05-17,oatMilk,32,True,False
2026-05-17,hazelnutSyrup,29,True,False
2026-05-17,vanillaSyrup,23,True,False
2026-05-17,chocolateSauce,25,True,False
2026-05-17,matchaPowder,22,True,False
2026-05-17,cupMedium,90,True,False
2026-05-18,arabicaBeans,45,False,False
2026-05-18,freshMilk,57,False,False
2026-05-18,oatMilk,26,False,False
2026-05-18,hazelnutSyrup,19,False,False
2026-05-18,vanillaSyrup,20,False,False
2026-05-18,chocolateSauce,20,False,False
2026-05-18,matchaPowder,15,False,False
2026-05-18,cupMedium,86,False,False
2026-05-19,arabicaBeans,41,False,False
2026-05-19,freshMilk,54,False,False
2026-05-19,oatMilk,23,False,False
2026-05-19,hazelnutSyrup,17,False,False
2026-05-19,vanillaSyrup,16,False,False
2026-05-19,chocolateSauce,23,False,False
2026-05-19,matchaPowder,13,False,False
2026-05-19,cupMedium,70,False,False
2026-05-20,arabicaBeans,48,False,False
2026-05-20,freshMilk,62,False,False
2026-05-20,oatMilk,22,False,False
2026-05-20,hazelnutSyrup,19,False,False
2026-05-20,vanillaSyrup,16,False,False
2026-05-20,chocolateSauce,20,False,False
2026-05-20,matchaPowder,14,False,False
2026-05-20,cupMedium,74,False,False
2026-05-21,arabicaBeans,55,False,False
2026-05-21,freshMilk,65,False,False
2026-05-21,oatMilk,32,False,False
2026-05-21,hazelnutSyrup,16,False,False
2026-05-21,vanillaSyrup,22,False,False
2026-05-21,chocolateSauce,28,False,False
2026-05-21,matchaPowder,15,False,False
2026-05-21,cupMedium,75,False,False
2026-05-22,arabicaBeans,59,False,False
2026-05-22,freshMilk,61,False,False
2026-05-22,oatMilk,34,False,False
2026-05-22,hazelnutSyrup,23,False,False
2026-05-22,vanillaSyrup,27,False,False
2026-05-22,chocolateSauce,24,False,False
2026-05-22,matchaPowder,19,False,False
2026-05-22,cupMedium,90,False,False
2026-05-23,arabicaBeans,68,True,False
2026-05-23,freshMilk,76,True,False
2026-05-23,oatMilk,36,True,False
2026-05-23,hazelnutSyrup,33,True,False
2026-05-23,vanillaSyrup,22,True,False
2026-05-23,chocolateSauce,34,True,False
2026-05-23,matchaPowder,25,True,False
2026-05-23,cupMedium,121,True,False
2026-05-24,arabicaBeans,76,True,False
2026-05-24,freshMilk,119,True,False
2026-05-24,oatMilk,34,True,False
2026-05-24,hazelnutSyrup,28,True,False
2026-05-24,vanillaSyrup,32,True,False
2026-05-24,chocolateSauce,28,True,False
2026-05-24,matchaPowder,23,True,False
2026-05-24,cupMedium,109,True,False
2026-05-25,arabicaBeans,82,False,False
2026-05-25,freshMilk,70,False,False
2026-05-25,oatMilk,32,False,False
2026-05-25,hazelnutSyrup,25,False,False
2026-05-25,vanillaSyrup,21,False,False
2026-05-25,chocolateSauce,27,False,False
2026-05-25,matchaPowder,18,False,False
2026-05-25,cupMedium,67,False,False
2026-05-26,arabicaBeans,53,False,False
2026-05-26,freshMilk,79,False,False
2026-05-26,oatMilk,28,False,False
2026-05-26,hazelnutSyrup,17,False,False
2026-05-26,vanillaSyrup,22,False,False
2026-05-26,chocolateSauce,22,False,False
2026-05-26,matchaPowder,14,False,False
2026-05-26,cupMedium,87,False,False
2026-05-27,arabicaBeans,52,False,False
2026-05-27,freshMilk,61,False,False
2026-05-27,oatMilk,30,False,False
2026-05-27,hazelnutSyrup,20,False,False
2026-05-27,vanillaSyrup,18,False,False
2026-05-27,chocolateSauce,20,False,False
2026-05-27,matchaPowder,17,False,False
2026-05-27,cupMedium,93,False,False
2026-05-28,arabicaBeans,50,False,False
2026-05-28,freshMilk,87,False,False
2026-05-28,oatMilk,30,False,False
2026-05-28,hazelnutSyrup,21,False,False
2026-05-28,vanillaSyrup,17,False,False
2026-05-28,chocolateSauce,26,False,False
2026-05-28,matchaPowder,22,False,False
2026-05-28,cupMedium,69,False,False
2026-05-29,arabicaBeans,66,False,False
2026-05-29,freshMilk,79,False,False
2026-05-29,oatMilk,37,False,False
2026-05-29,hazelnutSyrup,34,False,False
2026-05-29,vanillaSyrup,20,False,False
2026-05-29,chocolateSauce,30,False,False
2026-05-29,matchaPowder,18,False,False
2026-05-29,cupMedium,105,False,False
2026-05-30,arabicaBeans,72,True,False
2026-05-30,freshMilk,93,True,False
2026-05-30,oatMilk,52,True,False
2026-05-30,hazelnutSyrup,24,True,False
2026-05-30,vanillaSyrup,25,True,False
2026-05-30,chocolateSauce,31,True,False
2026-05-30,matchaPowder,22,True,False
2026-05-30,cupMedium,131,True,False
2026-05-31,arabicaBeans,70,True,False
2026-05-31,freshMilk,91,True,False
2026-05-31,oatMilk,53,True,False
2026-05-31,hazelnutSyrup,30,True,False
2026-05-31,vanillaSyrup,27,True,False
2026-05-31,chocolateSauce,45,True,False
2026-05-31,matchaPowder,21,True,False
2026-05-31,cupMedium,134,True,False
2026-06-01,arabicaBeans,59,False,False
2026-06-01,freshMilk,63,False,False
2026-06-01,oatMilk,36,False,False
2026-06-01,hazelnutSyrup,22,False,False
2026-06-01,vanillaSyrup,19,False,False
2026-06-01,chocolateSauce,27,False,False
2026-06-01,matchaPowder,20,False,False
2026-06-01,cupMedium,80,False,False
2026-06-02,arabicaBeans,48,False,False
2026-06-02,freshMilk,64,False,False
2026-06-02,oatMilk,29,False,False
2026-06-02,hazelnutSyrup,16,False,False
2026-06-02,vanillaSyrup,26,False,False
2026-06-02,chocolateSauce,22,False,False
2026-06-02,matchaPowder,17,False,False
2026-06-02,cupMedium,78,False,False
2026-06-03,arabicaBeans,43,False,False
2026-06-03,freshMilk,56,False,False
2026-06-03,oatMilk,25,False,False
2026-06-03,hazelnutSyrup,26,False,False
2026-06-03,vanillaSyrup,19,False,False
2026-06-03,chocolateSauce,26,False,False
2026-06-03,matchaPowder,19,False,False
2026-06-03,cupMedium,72,False,False
2026-06-04,arabicaBeans,67,False,False
2026-06-04,freshMilk,71,False,False
2026-06-04,oatMilk,32,False,False
2026-06-04,hazelnutSyrup,33,False,False
2026-06-04,vanillaSyrup,17,False,False
2026-06-04,chocolateSauce,30,False,False
2026-06-04,matchaPowder,23,False,False
2026-06-04,cupMedium,86,False,False
2026-06-05,arabicaBeans,71,False,False
2026-06-05,freshMilk,90,False,False
2026-06-05,oatMilk,35,False,False
2026-06-05,hazelnutSyrup,25,False,False
2026-06-05,vanillaSyrup,19,False,False
2026-06-05,chocolateSauce,27,False,False
2026-06-05,matchaPowder,24,False,False
2026-06-05,cupMedium,97,False,False
2026-06-06,arabicaBeans,71,True,False
2026-06-06,freshMilk,114,True,False
2026-06-06,oatMilk,48,True,False
2026-06-06,hazelnutSyrup,28,True,False
2026-06-06,vanillaSyrup,24,True,False
2026-06-06,chocolateSauce,53,True,False
2026-06-06,matchaPowder,19,True,False
2026-06-06,cupMedium,135,True,False
2026-06-07,arabicaBeans,70,True,False
2026-06-07,freshMilk,96,True,False
2026-06-07,oatMilk,28,True,False
2026-06-07,hazelnutSyrup,25,True,False
2026-06-07,vanillaSyrup,37,True,False
2026-06-07,chocolateSauce,33,True,False
2026-06-07,matchaPowder,28,True,False
2026-06-07,cupMedium,124,True,False
2026-06-08,arabicaBeans,51,False,False
2026-06-08,freshMilk,62,False,False
2026-06-08,oatMilk,25,False,False
2026-06-08,hazelnutSyrup,19,False,False
2026-06-08,vanillaSyrup,23,False,False
2026-06-08,chocolateSauce,21,False,False
2026-06-08,matchaPowder,14,False,False
2026-06-08,cupMedium,76,False,False
2026-06-09,arabicaBeans,57,False,False
2026-06-09,freshMilk,49,False,False
2026-06-09,oatMilk,33,False,False
2026-06-09,hazelnutSyrup,12,False,False
2026-06-09,vanillaSyrup,21,False,False
2026-06-09,chocolateSauce,21,False,False
2026-06-09,matchaPowder,12,False,False
2026-06-09,cupMedium,82,False,False
2026-06-10,arabicaBeans,42,False,False
2026-06-10,freshMilk,58,False,False
2026-06-10,oatMilk,22,False,False
2026-06-10,hazelnutSyrup,18,False,False
2026-06-10,vanillaSyrup,19,False,False
2026-06-10,chocolateSauce,18,False,False
2026-06-10,matchaPowder,15,False,False
2026-06-10,cupMedium,78,False,False
2026-06-11,arabicaBeans,65,False,False
2026-06-11,freshMilk,85,False,False
2026-06-11,oatMilk,30,False,False
2026-06-11,hazelnutSyrup,24,False,False
2026-06-11,vanillaSyrup,20,False,False
2026-06-11,chocolateSauce,21,False,False
2026-06-11,matchaPowder,16,False,False
2026-06-11,cupMedium,86,False,False
2026-06-12,arabicaBeans,56,False,False
2026-06-12,freshMilk,60,False,False
2026-06-12,oatMilk,30,False,False
2026-06-12,hazelnutSyrup,24,False,False
2026-06-12,vanillaSyrup,20,False,False
2026-06-12,chocolateSauce,22,False,False
2026-06-12,matchaPowder,18,False,False
2026-06-12,cupMedium,63,False,False
2026-06-13,arabicaBeans,86,True,False
2026-06-13,freshMilk,85,True,False
2026-06-13,oatMilk,37,True,False
2026-06-13,hazelnutSyrup,32,True,False
2026-06-13,vanillaSyrup,25,True,False
2026-06-13,chocolateSauce,40,True,False
2026-06-13,matchaPowder,28,True,False
2026-06-13,cupMedium,131,True,False
2026-06-14,arabicaBeans,59,True,False
2026-06-14,freshMilk,105,True,False
2026-06-14,oatMilk,31,True,False
2026-06-14,hazelnutSyrup,29,True,False
2026-06-14,vanillaSyrup,26,True,False
2026-06-14,chocolateSauce,40,True,False
2026-06-14,matchaPowder,25,True,False
2026-06-14,cupMedium,98,True,False
2026-06-15,arabicaBeans,53,False,False
2026-06-15,freshMilk,53,False,False
2026-06-15,oatMilk,21,False,False
2026-06-15,hazelnutSyrup,15,False,False
2026-06-15,vanillaSyrup,20,False,False
2026-06-15,chocolateSauce,24,False,False
2026-06-15,matchaPowder,19,False,False
2026-06-15,cupMedium,78,False,False
2026-06-16,arabicaBeans,42,False,False
2026-06-16,freshMilk,62,False,False
2026-06-16,oatMilk,18,False,False
2026-06-16,hazelnutSyrup,16,False,False
2026-06-16,vanillaSyrup,14,False,False
2026-06-16,chocolateSauce,19,False,False
2026-06-16,matchaPowder,17,False,False
2026-06-16,cupMedium,69,False,False
2026-06-17,arabicaBeans,42,False,False
2026-06-17,freshMilk,41,False,False
2026-06-17,oatMilk,20,False,False
2026-06-17,hazelnutSyrup,18,False,False
2026-06-17,vanillaSyrup,18,False,False
2026-06-17,chocolateSauce,22,False,False
2026-06-17,matchaPowder,16,False,False
2026-06-17,cupMedium,61,False,False
2026-06-18,arabicaBeans,58,False,False
2026-06-18,freshMilk,60,False,False
2026-06-18,oatMilk,27,False,False
2026-06-18,hazelnutSyrup,25,False,False
2026-06-18,vanillaSyrup,18,False,False
2026-06-18,chocolateSauce,30,False,False
2026-06-18,matchaPowder,21,False,False
2026-06-18,cupMedium,108,False,False
2026-06-19,arabicaBeans,66,False,False
2026-06-19,freshMilk,79,False,False
2026-06-19,oatMilk,36,False,False
2026-06-19,hazelnutSyrup,26,False,False
2026-06-19,vanillaSyrup,20,False,False
2026-06-19,chocolateSauce,21,False,False
2026-06-19,matchaPowder,23,False,False
2026-06-19,cupMedium,89,False,False
2026-06-20,arabicaBeans,79,True,False
2026-06-20,freshMilk,103,True,False
2026-06-20,oatMilk,46,True,False
2026-06-20,hazelnutSyrup,38,True,False
2026-06-20,vanillaSyrup,25,True,False
2026-06-20,chocolateSauce,46,True,False
2026-06-20,matchaPowder,24,True,False
2026-06-20,cupMedium,128,True,False
2026-06-21,arabicaBeans,69,True,False
2026-06-21,freshMilk,115,True,False
2026-06-21,oatMilk,40,True,False
2026-06-21,hazelnutSyrup,30,True,False
2026-06-21,vanillaSyrup,20,True,False
2026-06-21,chocolateSauce,29,True,False
2026-06-21,matchaPowder,24,True,False
2026-06-21,cupMedium,150,True,False
2026-06-22,arabicaBeans,47,False,False
2026-06-22,freshMilk,64,False,False
2026-06-22,oatMilk,25,False,False
2026-06-22,hazelnutSyrup,20,False,False
2026-06-22,vanillaSyrup,19,False,False
2026-06-22,chocolateSauce,24,False,False
2026-06-22,matchaPowder,20,False,False
2026-06-22,cupMedium,85,False,False
2026-06-23,arabicaBeans,44,False,False
2026-06-23,freshMilk,56,False,False
2026-06-23,oatMilk,20,False,False
2026-06-23,hazelnutSyrup,18,False,False
2026-06-23,vanillaSyrup,17,False,False
2026-06-23,chocolateSauce,24,False,False
2026-06-23,matchaPowder,16,False,False
2026-06-23,cupMedium,59,False,False
2026-06-24,arabicaBeans,45,False,False
2026-06-24,freshMilk,52,False,False
2026-06-24,oatMilk,26,False,False
2026-06-24,hazelnutSyrup,20,False,False
2026-06-24,vanillaSyrup,17,False,False
2026-06-24,chocolateSauce,21,False,False
2026-06-24,matchaPowder,14,False,False
2026-06-24,cupMedium,80,False,False
2026-06-25,arabicaBeans,76,False,False
2026-06-25,freshMilk,69,False,False
2026-06-25,oatMilk,24,False,False
2026-06-25,hazelnutSyrup,21,False,False
2026-06-25,vanillaSyrup,22,False,False
2026-06-25,chocolateSauce,25,False,False
2026-06-25,matchaPowder,22,False,False
2026-06-25,cupMedium,117,False,False
2026-06-26,arabicaBeans,70,False,False
2026-06-26,freshMilk,69,False,False
2026-06-26,oatMilk,38,False,False
2026-06-26,hazelnutSyrup,22,False,False
2026-06-26,vanillaSyrup,30,False,False
2026-06-26,chocolateSauce,34,False,False
2026-06-26,matchaPowder,23,False,False
2026-06-26,cupMedium,78,False,False
2026-06-27,arabicaBeans,89,True,False
2026-06-27,freshMilk,102,True,False
2026-06-27,oatMilk,61,True,False
2026-06-27,hazelnutSyrup,39,True,False
2026-06-27,vanillaSyrup,26,True,False
2026-06-27,chocolateSauce,37,True,False
2026-06-27,matchaPowder,25,True,False
2026-06-27,cupMedium,110,True,False
2026-06-28,arabicaBeans,67,True,False
2026-06-28,freshMilk,106,True,False
2026-06-28,oatMilk,38,True,False
2026-06-28,hazelnutSyrup,32,True,False
2026-06-28,vanillaSyrup,27,True,False
2026-06-28,chocolateSauce,41,True,False
2026-06-28,matchaPowder,26,True,False
2026-06-28,cupMedium,118,True,False
2026-06-29,arabicaBeans,55,False,False
2026-06-29,freshMilk,61,False,False
2026-06-29,oatMilk,36,False,False
2026-06-29,hazelnutSyrup,23,False,False
2026-06-29,vanillaSyrup,16,False,False
2026-06-29,chocolateSauce,23,False,False
2026-06-29,matchaPowder,16,False,False
2026-06-29,cupMedium,89,False,False
2026-06-30,arabicaBeans,30,False,False
2026-06-30,freshMilk,68,False,False
2026-06-30,oatMilk,19,False,False
2026-06-30,hazelnutSyrup,23,False,False
2026-06-30,vanillaSyrup,20,False,False
2026-06-30,chocolateSauce,18,False,False
2026-06-30,matchaPowder,19,False,False
2026-06-30,cupMedium,125,False,False
